,index,rooms,garages,useful_area,latitude,longitude,value,interior_quality,time_on_market,sold
0,0,3.0,2.0,77,-23.6246294,-46.7387574,686126,2,0,0
1,0,3.0,2.0,77,-23.6246294,-46.7387574,686126,2,1,0
2,0,3.0,2.0,77,-23.6246294,-46.7387574,686126,2,2,0
3,0,3.0,2.0,77,-23.6246294,-46.7387574,686126,2,3,0
4,0,3.0,2.0,77,-23.6246294,-46.7387574,686126,2,4,0
5,0,3.0,2.0,77,-23.6246294,-46.7387574,686126,2,5,0
6,0,3.0,2.0,77,-23.6246294,-46.7387574,686126,2,6,0
7,0,3.0,2.0,77,-23.6246294,-46.7387574,686126,2,7,0
8,0,3.0,2.0,77,-23.6246294,-46.7387574,686126,2,8,0
9,0,3.0,2.0,77,-23.6246294,-46.7387574,686126,2,9,0
10,0,3.0,2.0,77,-23.6246294,-46.7387574,686126,2,10,0
11,0,3.0,2.0,77,-23.6246294,-46.7387574,686126,2,11,0
12,0,3.0,2.0,77,-23.6246294,-46.7387574,686126,2,12,0
13,0,3.0,2.0,77,-23.6246294,-46.7387574,686126,2,13,0
14,0,3.0,2.0,77,-23.6246294,-46.7387574,686126,2,14,0
15,0,3.0,2.0,77,-23.6246294,-46.7387574,686126,2,15,0
16,0,3.0,2.0,77,-23.6246294,-46.7387574,686126,2,16,0
17,0,3.0,2.0,77,-23.6246294,-46.7387574,686126,2,17,0
18,0,3.0,2.0,77,-23.6246294,-46.7387574,686126,2,18,0
19,0,3.0,2.0,77,-23.6246294,-46.7387574,686126,2,19,0
20,0,3.0,2.0,77,-23.6246294,-46.7387574,686126,2,20,0
21,0,3.0,2.0,77,-23.6246294,-46.7387574,686126,2,21,0
22,0,3.0,2.0,77,-23.6246294,-46.7387574,686126,2,22,0
23,0,3.0,2.0,77,-23.6246294,-46.7387574,686126,2,23,0
24,0,3.0,2.0,77,-23.6246294,-46.7387574,686126,2,24,0
25,0,3.0,2.0,77,-23.6246294,-46.7387574,686126,2,25,0
26,0,3.0,2.0,77,-23.6246294,-46.7387574,686126,2,26,0
27,0,3.0,2.0,77,-23.6246294,-46.7387574,686126,2,27,0
28,0,3.0,2.0,77,-23.6246294,-46.7387574,686126,2,28,0
29,0,3.0,2.0,77,-23.6246294,-46.7387574,686126,2,29,0
30,0,3.0,2.0,77,-23.6246294,-46.7387574,686126,2,30,0
31,0,3.0,2.0,77,-23.6246294,-46.7387574,686126,2,31,0
32,0,3.0,2.0,77,-23.6246294,-46.7387574,686126,2,32,0
33,0,3.0,2.0,77,-23.6246294,-46.7387574,686126,2,33,0
34,0,3.0,2.0,77,-23.6246294,-46.7387574,686126,2,34,0
35,0,3.0,2.0,77,-23.6246294,-46.7387574,686126,2,35,0
36,0,3.0,2.0,77,-23.6246294,-46.7387574,686126,2,36,0
37,0,3.0,2.0,77,-23.6246294,-46.7387574,686126,2,37,0
38,0,3.0,2.0,77,-23.6246294,-46.7387574,686126,2,38,0
39,0,3.0,2.0,77,-23.6246294,-46.7387574,686126,2,39,0
40,0,3.0,2.0,77,-23.6246294,-46.7387574,686126,2,40,0
41,0,3.0,2.0,77,-23.6246294,-46.7387574,686126,2,41,0
42,0,3.0,2.0,77,-23.6246294,-46.7387574,686126,2,42,0
43,0,3.0,2.0,77,-23.6246294,-46.7387574,686126,2,43,0
44,0,3.0,2.0,77,-23.6246294,-46.7387574,686126,2,44,0
45,0,3.0,2.0,77,-23.6246294,-46.7387574,686126,2,45,0
46,0,3.0,2.0,77,-23.6246294,-46.7387574,686126,2,46,0
47,0,3.0,2.0,77,-23.6246294,-46.7387574,686126,2,47,0
48,0,3.0,2.0,77,-23.6246294,-46.7387574,686126,2,48,0
49,0,3.0,2.0,77,-23.6246294,-46.7387574,686126,2,49,0
50,0,3.0,2.0,77,-23.6246294,-46.7387574,686126,2,50,0
51,0,3.0,2.0,77,-23.6246294,-46.7387574,686126,2,51,0
52,0,3.0,2.0,77,-23.6246294,-46.7387574,686126,2,52,0
53,0,3.0,2.0,77,-23.6246294,-46.7387574,686126,2,53,0
54,0,3.0,2.0,77,-23.6246294,-46.7387574,686126,2,54,0
55,0,3.0,2.0,77,-23.6246294,-46.7387574,686126,2,55,0
56,0,3.0,2.0,77,-23.6246294,-46.7387574,686126,2,56,0
57,0,3.0,2.0,77,-23.6246294,-46.7387574,686126,2,57,0
58,0,3.0,2.0,77,-23.6246294,-46.7387574,686126,2,58,0
59,0,3.0,2.0,77,-23.6246294,-46.7387574,686126,2,59,0
60,0,3.0,2.0,77,-23.6246294,-46.7387574,686126,2,60,0
61,0,3.0,2.0,77,-23.6246294,-46.7387574,686126,2,61,0
62,0,3.0,2.0,77,-23.6246294,-46.7387574,686126,2,62,0
63,0,3.0,2.0,77,-23.6246294,-46.7387574,686126,2,63,0
64,0,3.0,2.0,77,-23.6246294,-46.7387574,686126,2,64,0
65,0,3.0,2.0,77,-23.6246294,-46.7387574,686126,2,65,0
66,0,3.0,2.0,77,-23.6246294,-46.7387574,686126,2,66,0
67,0,3.0,2.0,77,-23.6246294,-46.7387574,686126,2,67,0
68,0,3.0,2.0,77,-23.6246294,-46.7387574,686126,2,68,0
69,0,3.0,2.0,77,-23.6246294,-46.7387574,686126,2,69,0
70,0,3.0,2.0,77,-23.6246294,-46.7387574,686126,2,70,0
71,0,3.0,2.0,77,-23.6246294,-46.7387574,686126,2,71,0
72,0,3.0,2.0,77,-23.6246294,-46.7387574,686126,2,72,0
73,0,3.0,2.0,77,-23.6246294,-46.7387574,686126,2,73,0
74,0,3.0,2.0,77,-23.6246294,-46.7387574,686126,2,74,0
75,1,1.0,1.0,35,-23.55317,-46.648687,675152,3,0,0
76,1,1.0,1.0,35,-23.55317,-46.648687,675152,3,1,0
77,1,1.0,1.0,35,-23.55317,-46.648687,675152,3,2,0
78,1,1.0,1.0,35,-23.55317,-46.648687,675152,3,3,0
79,1,1.0,1.0,35,-23.55317,-46.648687,675152,3,4,0
80,1,1.0,1.0,35,-23.55317,-46.648687,675152,3,5,0
81,1,1.0,1.0,35,-23.55317,-46.648687,675152,3,6,0
82,1,1.0,1.0,35,-23.55317,-46.648687,675152,3,7,0
83,1,1.0,1.0,35,-23.55317,-46.648687,675152,3,8,0
84,1,1.0,1.0,35,-23.55317,-46.648687,675152,3,9,0
85,1,1.0,1.0,35,-23.55317,-46.648687,675152,3,10,0
86,1,1.0,1.0,35,-23.55317,-46.648687,675152,3,11,0
87,1,1.0,1.0,35,-23.55317,-46.648687,675152,3,12,0
88,1,1.0,1.0,35,-23.55317,-46.648687,675152,3,13,0
89,1,1.0,1.0,35,-23.55317,-46.648687,675152,3,14,0
90,1,1.0,1.0,35,-23.55317,-46.648687,675152,3,15,0
91,1,1.0,1.0,35,-23.55317,-46.648687,675152,3,16,0
92,1,1.0,1.0,35,-23.55317,-46.648687,675152,3,17,0
93,1,1.0,1.0,35,-23.55317,-46.648687,675152,3,18,0
94,1,1.0,1.0,35,-23.55317,-46.648687,675152,3,19,0
95,1,1.0,1.0,35,-23.55317,-46.648687,675152,3,20,0
96,1,1.0,1.0,35,-23.55317,-46.648687,675152,3,21,0
97,1,1.0,1.0,35,-23.55317,-46.648687,675152,3,22,0
98,1,1.0,1.0,35,-23.55317,-46.648687,675152,3,23,0
99,1,1.0,1.0,35,-23.55317,-46.648687,675152,3,24,0
100,1,1.0,1.0,35,-23.55317,-46.648687,675152,3,25,0
101,1,1.0,1.0,35,-23.55317,-46.648687,675152,3,26,0
102,1,1.0,1.0,35,-23.55317,-46.648687,675152,3,27,0
103,1,1.0,1.0,35,-23.55317,-46.648687,675152,3,28,0
104,1,1.0,1.0,35,-23.55317,-46.648687,675152,3,29,0
105,1,1.0,1.0,35,-23.55317,-46.648687,675152,3,30,0
106,1,1.0,1.0,35,-23.55317,-46.648687,675152,3,31,0
107,1,1.0,1.0,35,-23.55317,-46.648687,675152,3,32,0
108,1,1.0,1.0,35,-23.55317,-46.648687,675152,3,33,0
109,1,1.0,1.0,35,-23.55317,-46.648687,675152,3,34,0
110,1,1.0,1.0,35,-23.55317,-46.648687,675152,3,35,0
111,1,1.0,1.0,35,-23.55317,-46.648687,675152,3,36,0
112,1,1.0,1.0,35,-23.55317,-46.648687,675152,3,37,0
113,1,1.0,1.0,35,-23.55317,-46.648687,675152,3,38,0
114,1,1.0,1.0,35,-23.55317,-46.648687,675152,3,39,0
115,1,1.0,1.0,35,-23.55317,-46.648687,675152,3,40,0
116,1,1.0,1.0,35,-23.55317,-46.648687,675152,3,41,0
117,1,1.0,1.0,35,-23.55317,-46.648687,675152,3,42,0
118,1,1.0,1.0,35,-23.55317,-46.648687,675152,3,43,0
119,1,1.0,1.0,35,-23.55317,-46.648687,675152,3,44,0
120,1,1.0,1.0,35,-23.55317,-46.648687,675152,3,45,0
121,1,1.0,1.0,35,-23.55317,-46.648687,675152,3,46,0
122,1,1.0,1.0,35,-23.55317,-46.648687,675152,3,47,0
123,1,1.0,1.0,35,-23.55317,-46.648687,675152,3,48,0
124,1,1.0,1.0,35,-23.55317,-46.648687,675152,3,49,0
125,1,1.0,1.0,35,-23.55317,-46.648687,675152,3,50,0
126,1,1.0,1.0,35,-23.55317,-46.648687,675152,3,51,0
127,1,1.0,1.0,35,-23.55317,-46.648687,675152,3,52,0
128,1,1.0,1.0,35,-23.55317,-46.648687,675152,3,53,0
129,1,1.0,1.0,35,-23.55317,-46.648687,675152,3,54,0
130,1,1.0,1.0,35,-23.55317,-46.648687,675152,3,55,0
131,1,1.0,1.0,35,-23.55317,-46.648687,675152,3,56,0
132,1,1.0,1.0,35,-23.55317,-46.648687,675152,3,57,0
133,1,1.0,1.0,35,-23.55317,-46.648687,675152,3,58,0
134,1,1.0,1.0,35,-23.55317,-46.648687,675152,3,59,0
135,1,1.0,1.0,35,-23.55317,-46.648687,675152,3,60,0
136,1,1.0,1.0,35,-23.55317,-46.648687,675152,3,61,0
137,1,1.0,1.0,35,-23.55317,-46.648687,675152,3,62,0
138,1,1.0,1.0,35,-23.55317,-46.648687,675152,3,63,0
139,1,1.0,1.0,35,-23.55317,-46.648687,675152,3,64,0
140,1,1.0,1.0,35,-23.55317,-46.648687,675152,3,65,0
141,1,1.0,1.0,35,-23.55317,-46.648687,675152,3,66,0
142,1,1.0,1.0,35,-23.55317,-46.648687,675152,3,67,0
143,1,1.0,1.0,35,-23.55317,-46.648687,675152,3,68,0
144,1,1.0,1.0,35,-23.55317,-46.648687,675152,3,69,0
145,1,1.0,1.0,35,-23.55317,-46.648687,675152,3,70,0
146,1,1.0,1.0,35,-23.55317,-46.648687,675152,3,71,0
147,1,1.0,1.0,35,-23.55317,-46.648687,675152,3,72,0
148,1,1.0,1.0,35,-23.55317,-46.648687,675152,3,73,0
149,1,1.0,1.0,35,-23.55317,-46.648687,675152,3,74,0
150,1,1.0,1.0,35,-23.55317,-46.648687,675152,3,75,0
151,1,1.0,1.0,35,-23.55317,-46.648687,675152,3,76,0
152,1,1.0,1.0,35,-23.55317,-46.648687,675152,3,77,0
153,1,1.0,1.0,35,-23.55317,-46.648687,675152,3,78,0
154,1,1.0,1.0,35,-23.55317,-46.648687,675152,3,79,0
155,1,1.0,1.0,35,-23.55317,-46.648687,675152,3,80,0
156,1,1.0,1.0,35,-23.55317,-46.648687,675152,3,81,0
157,1,1.0,1.0,35,-23.55317,-46.648687,675152,3,82,0
158,1,1.0,1.0,35,-23.55317,-46.648687,675152,3,83,0
159,1,1.0,1.0,35,-23.55317,-46.648687,675152,3,84,0
160,1,1.0,1.0,35,-23.55317,-46.648687,675152,3,85,0
161,1,1.0,1.0,35,-23.55317,-46.648687,675152,3,86,0
162,1,1.0,1.0,35,-23.55317,-46.648687,675152,3,87,0
163,1,1.0,1.0,35,-23.55317,-46.648687,675152,3,88,0
164,1,1.0,1.0,35,-23.55317,-46.648687,675152,3,89,0
165,1,1.0,1.0,35,-23.55317,-46.648687,675152,3,90,0
166,1,1.0,1.0,35,-23.55317,-46.648687,675152,3,91,0
167,1,1.0,1.0,35,-23.55317,-46.648687,675152,3,92,0
168,1,1.0,1.0,35,-23.55317,-46.648687,675152,3,93,0
169,1,1.0,1.0,35,-23.55317,-46.648687,675152,3,94,0
170,1,1.0,1.0,35,-23.55317,-46.648687,675152,3,95,0
171,1,1.0,1.0,35,-23.55317,-46.648687,675152,3,96,0
172,1,1.0,1.0,35,-23.55317,-46.648687,675152,3,97,0
173,1,1.0,1.0,35,-23.55317,-46.648687,675152,3,98,0
174,1,1.0,1.0,35,-23.55317,-46.648687,675152,3,99,0
175,1,1.0,1.0,35,-23.55317,-46.648687,675152,3,100,0
176,1,1.0,1.0,35,-23.55317,-46.648687,675152,3,101,0
177,1,1.0,1.0,35,-23.55317,-46.648687,675152,3,102,0
178,1,1.0,1.0,35,-23.55317,-46.648687,675152,3,103,0
179,1,1.0,1.0,35,-23.55317,-46.648687,675152,3,104,0
180,1,1.0,1.0,35,-23.55317,-46.648687,675152,3,105,0
181,1,1.0,1.0,35,-23.55317,-46.648687,675152,3,106,0
182,1,1.0,1.0,35,-23.55317,-46.648687,675152,3,107,0
183,1,1.0,1.0,35,-23.55317,-46.648687,675152,3,108,0
184,1,1.0,1.0,35,-23.55317,-46.648687,675152,3,109,0
185,1,1.0,1.0,35,-23.55317,-46.648687,675152,3,110,0
186,1,1.0,1.0,35,-23.55317,-46.648687,675152,3,111,0
187,1,1.0,1.0,35,-23.55317,-46.648687,675152,3,112,0
188,1,1.0,1.0,35,-23.55317,-46.648687,675152,3,113,0
189,1,1.0,1.0,35,-23.55317,-46.648687,675152,3,114,0
190,1,1.0,1.0,35,-23.55317,-46.648687,675152,3,115,0
191,1,1.0,1.0,35,-23.55317,-46.648687,675152,3,116,0
192,1,1.0,1.0,35,-23.55317,-46.648687,675152,3,117,0
193,1,1.0,1.0,35,-23.55317,-46.648687,675152,3,118,0
194,1,1.0,1.0,35,-23.55317,-46.648687,675152,3,119,0
195,1,1.0,1.0,35,-23.55317,-46.648687,675152,3,120,0
196,1,1.0,1.0,35,-23.55317,-46.648687,675152,3,121,0
197,1,1.0,1.0,35,-23.55317,-46.648687,675152,3,122,0
198,1,1.0,1.0,35,-23.55317,-46.648687,675152,3,123,0
199,1,1.0,1.0,35,-23.55317,-46.648687,675152,3,124,0
200,1,1.0,1.0,35,-23.55317,-46.648687,675152,3,125,0
201,1,1.0,1.0,35,-23.55317,-46.648687,675152,3,126,0
202,1,1.0,1.0,35,-23.55317,-46.648687,675152,3,127,0
203,1,1.0,1.0,35,-23.55317,-46.648687,675152,3,128,0
204,1,1.0,1.0,35,-23.55317,-46.648687,675152,3,129,0
205,1,1.0,1.0,35,-23.55317,-46.648687,675152,3,130,0
206,1,1.0,1.0,35,-23.55317,-46.648687,675152,3,131,0
207,1,1.0,1.0,35,-23.55317,-46.648687,675152,3,132,0
208,1,1.0,1.0,35,-23.55317,-46.648687,675152,3,133,0
209,1,1.0,1.0,35,-23.55317,-46.648687,675152,3,134,0
210,1,1.0,1.0,35,-23.55317,-46.648687,675152,3,135,0
211,1,1.0,1.0,35,-23.55317,-46.648687,675152,3,136,0
212,1,1.0,1.0,35,-23.55317,-46.648687,675152,3,137,0
213,1,1.0,1.0,35,-23.55317,-46.648687,675152,3,138,0
214,1,1.0,1.0,35,-23.55317,-46.648687,675152,3,139,0
215,1,1.0,1.0,35,-23.55317,-46.648687,675152,3,140,0
216,1,1.0,1.0,35,-23.55317,-46.648687,675152,3,141,0
217,1,1.0,1.0,35,-23.55317,-46.648687,675152,3,142,0
218,1,1.0,1.0,35,-23.55317,-46.648687,675152,3,143,0
219,1,1.0,1.0,35,-23.55317,-46.648687,675152,3,144,0
220,1,1.0,1.0,35,-23.55317,-46.648687,675152,3,145,0
221,1,1.0,1.0,35,-23.55317,-46.648687,675152,3,146,0
222,1,1.0,1.0,35,-23.55317,-46.648687,675152,3,147,0
223,1,1.0,1.0,35,-23.55317,-46.648687,675152,3,148,0
224,1,1.0,1.0,35,-23.55317,-46.648687,675152,3,149,0
225,1,1.0,1.0,35,-23.55317,-46.648687,675152,3,150,0
226,1,1.0,1.0,35,-23.55317,-46.648687,675152,3,151,0
227,1,1.0,1.0,35,-23.55317,-46.648687,675152,3,152,0
228,1,1.0,1.0,35,-23.55317,-46.648687,675152,3,153,0
229,1,1.0,1.0,35,-23.55317,-46.648687,675152,3,154,0
230,1,1.0,1.0,35,-23.55317,-46.648687,675152,3,155,0
231,1,1.0,1.0,35,-23.55317,-46.648687,675152,3,156,0
232,1,1.0,1.0,35,-23.55317,-46.648687,675152,3,157,0
233,1,1.0,1.0,35,-23.55317,-46.648687,675152,3,158,0
234,1,1.0,1.0,35,-23.55317,-46.648687,675152,3,159,0
235,1,1.0,1.0,35,-23.55317,-46.648687,675152,3,160,0
236,1,1.0,1.0,35,-23.55317,-46.648687,675152,3,161,0
237,1,1.0,1.0,35,-23.55317,-46.648687,675152,3,162,0
238,1,1.0,1.0,35,-23.55317,-46.648687,675152,3,163,0
239,1,1.0,1.0,35,-23.55317,-46.648687,675152,3,164,0
240,1,1.0,1.0,35,-23.55317,-46.648687,675152,3,165,0
241,1,1.0,1.0,35,-23.55317,-46.648687,675152,3,166,0
242,1,1.0,1.0,35,-23.55317,-46.648687,675152,3,167,0
243,1,1.0,1.0,35,-23.55317,-46.648687,675152,3,168,0
244,1,1.0,1.0,35,-23.55317,-46.648687,675152,3,169,0
245,1,1.0,1.0,35,-23.55317,-46.648687,675152,3,170,0
246,1,1.0,1.0,35,-23.55317,-46.648687,675152,3,171,0
247,1,1.0,1.0,35,-23.55317,-46.648687,675152,3,172,0
248,1,1.0,1.0,35,-23.55317,-46.648687,675152,3,173,0
249,1,1.0,1.0,35,-23.55317,-46.648687,675152,3,174,0
250,1,1.0,1.0,35,-23.55317,-46.648687,675152,3,175,0
251,1,1.0,1.0,35,-23.55317,-46.648687,675152,3,176,0
252,1,1.0,1.0,35,-23.55317,-46.648687,675152,3,177,0
253,1,1.0,1.0,35,-23.55317,-46.648687,675152,3,178,0
254,1,1.0,1.0,35,-23.55317,-46.648687,675152,3,179,0
255,1,1.0,1.0,35,-23.55317,-46.648687,675152,3,180,0
256,1,1.0,1.0,35,-23.55317,-46.648687,675152,3,181,0
257,1,1.0,1.0,35,-23.55317,-46.648687,675152,3,182,0
258,1,1.0,1.0,35,-23.55317,-46.648687,675152,3,183,0
259,1,1.0,1.0,35,-23.55317,-46.648687,675152,3,184,0
260,1,1.0,1.0,35,-23.55317,-46.648687,675152,3,185,0
261,1,1.0,1.0,35,-23.55317,-46.648687,675152,3,186,0
262,1,1.0,1.0,35,-23.55317,-46.648687,675152,3,187,0
263,1,1.0,1.0,35,-23.55317,-46.648687,675152,3,188,0
264,1,1.0,1.0,35,-23.55317,-46.648687,675152,3,189,0
265,1,1.0,1.0,35,-23.55317,-46.648687,675152,3,190,0
266,1,1.0,1.0,35,-23.55317,-46.648687,675152,3,191,0
267,1,1.0,1.0,35,-23.55317,-46.648687,675152,3,192,0
268,1,1.0,1.0,35,-23.55317,-46.648687,675152,3,193,0
269,1,1.0,1.0,35,-23.55317,-46.648687,675152,3,194,0
270,1,1.0,1.0,35,-23.55317,-46.648687,675152,3,195,0
271,1,1.0,1.0,35,-23.55317,-46.648687,675152,3,196,0
272,1,1.0,1.0,35,-23.55317,-46.648687,675152,3,197,0
273,1,1.0,1.0,35,-23.55317,-46.648687,675152,3,198,0
274,1,1.0,1.0,35,-23.55317,-46.648687,675152,3,199,0
275,1,1.0,1.0,35,-23.55317,-46.648687,675152,3,200,0
276,1,1.0,1.0,35,-23.55317,-46.648687,675152,3,201,0
277,1,1.0,1.0,35,-23.55317,-46.648687,675152,3,202,0
278,1,1.0,1.0,35,-23.55317,-46.648687,675152,3,203,0
279,1,1.0,1.0,35,-23.55317,-46.648687,675152,3,204,0
280,1,1.0,1.0,35,-23.55317,-46.648687,675152,3,205,0
281,1,1.0,1.0,35,-23.55317,-46.648687,675152,3,206,0
282,1,1.0,1.0,35,-23.55317,-46.648687,675152,3,207,0
283,1,1.0,1.0,35,-23.55317,-46.648687,675152,3,208,0
284,1,1.0,1.0,35,-23.55317,-46.648687,675152,3,209,0
285,1,1.0,1.0,35,-23.55317,-46.648687,675152,3,210,0
286,1,1.0,1.0,35,-23.55317,-46.648687,675152,3,211,0
287,1,1.0,1.0,35,-23.55317,-46.648687,675152,3,212,0
288,1,1.0,1.0,35,-23.55317,-46.648687,675152,3,213,0
289,1,1.0,1.0,35,-23.55317,-46.648687,675152,3,214,0
290,2,3.0,2.0,97,-23.607094500000002,-46.6344145,871258,2,0,0
291,2,3.0,2.0,97,-23.607094500000002,-46.6344145,871258,2,1,0
292,2,3.0,2.0,97,-23.607094500000002,-46.6344145,871258,2,2,0
293,2,3.0,2.0,97,-23.607094500000002,-46.6344145,871258,2,3,0
294,2,3.0,2.0,97,-23.607094500000002,-46.6344145,871258,2,4,0
295,2,3.0,2.0,97,-23.607094500000002,-46.6344145,871258,2,5,0
296,2,3.0,2.0,97,-23.607094500000002,-46.6344145,871258,2,6,0
297,2,3.0,2.0,97,-23.607094500000002,-46.6344145,871258,2,7,0
298,2,3.0,2.0,97,-23.607094500000002,-46.6344145,871258,2,8,0
299,2,3.0,2.0,97,-23.607094500000002,-46.6344145,871258,2,9,0
300,2,3.0,2.0,97,-23.607094500000002,-46.6344145,871258,2,10,0
301,2,3.0,2.0,97,-23.607094500000002,-46.6344145,871258,2,11,0
302,2,3.0,2.0,97,-23.607094500000002,-46.6344145,871258,2,12,0
303,2,3.0,2.0,97,-23.607094500000002,-46.6344145,871258,2,13,0
304,2,3.0,2.0,97,-23.607094500000002,-46.6344145,871258,2,14,0
305,2,3.0,2.0,97,-23.607094500000002,-46.6344145,871258,2,15,0
306,2,3.0,2.0,97,-23.607094500000002,-46.6344145,871258,2,16,0
307,2,3.0,2.0,97,-23.607094500000002,-46.6344145,871258,2,17,0
308,2,3.0,2.0,97,-23.607094500000002,-46.6344145,871258,2,18,0
309,2,3.0,2.0,97,-23.607094500000002,-46.6344145,871258,2,19,0
310,2,3.0,2.0,97,-23.607094500000002,-46.6344145,871258,2,20,0
311,2,3.0,2.0,97,-23.607094500000002,-46.6344145,871258,2,21,0
312,2,3.0,2.0,97,-23.607094500000002,-46.6344145,871258,2,22,0
313,2,3.0,2.0,97,-23.607094500000002,-46.6344145,871258,2,23,0
314,2,3.0,2.0,97,-23.607094500000002,-46.6344145,871258,2,24,0
315,2,3.0,2.0,97,-23.607094500000002,-46.6344145,871258,2,25,0
316,2,3.0,2.0,97,-23.607094500000002,-46.6344145,871258,2,26,0
317,2,3.0,2.0,97,-23.607094500000002,-46.6344145,871258,2,27,0
318,2,3.0,2.0,97,-23.607094500000002,-46.6344145,871258,2,28,0
319,2,3.0,2.0,97,-23.607094500000002,-46.6344145,871258,2,29,0
320,2,3.0,2.0,97,-23.607094500000002,-46.6344145,871258,2,30,0
321,2,3.0,2.0,97,-23.607094500000002,-46.6344145,871258,2,31,0
322,2,3.0,2.0,97,-23.607094500000002,-46.6344145,871258,2,32,0
323,2,3.0,2.0,97,-23.607094500000002,-46.6344145,871258,2,33,0
324,2,3.0,2.0,97,-23.607094500000002,-46.6344145,871258,2,34,0
325,2,3.0,2.0,97,-23.607094500000002,-46.6344145,871258,2,35,0
326,2,3.0,2.0,97,-23.607094500000002,-46.6344145,871258,2,36,0
327,2,3.0,2.0,97,-23.607094500000002,-46.6344145,871258,2,37,0
328,2,3.0,2.0,97,-23.607094500000002,-46.6344145,871258,2,38,0
329,2,3.0,2.0,97,-23.607094500000002,-46.6344145,871258,2,39,0
330,2,3.0,2.0,97,-23.607094500000002,-46.6344145,871258,2,40,0
331,2,3.0,2.0,97,-23.607094500000002,-46.6344145,871258,2,41,0
332,2,3.0,2.0,97,-23.607094500000002,-46.6344145,871258,2,42,0
333,2,3.0,2.0,97,-23.607094500000002,-46.6344145,871258,2,43,0
334,2,3.0,2.0,97,-23.607094500000002,-46.6344145,871258,2,44,0
335,2,3.0,2.0,97,-23.607094500000002,-46.6344145,871258,2,45,0
336,2,3.0,2.0,97,-23.607094500000002,-46.6344145,871258,2,46,0
337,2,3.0,2.0,97,-23.607094500000002,-46.6344145,871258,2,47,0
338,2,3.0,2.0,97,-23.607094500000002,-46.6344145,871258,2,48,0
339,2,3.0,2.0,97,-23.607094500000002,-46.6344145,871258,2,49,0
340,2,3.0,2.0,97,-23.607094500000002,-46.6344145,871258,2,50,0
341,2,3.0,2.0,97,-23.607094500000002,-46.6344145,871258,2,51,0
342,2,3.0,2.0,97,-23.607094500000002,-46.6344145,871258,2,52,0
343,2,3.0,2.0,97,-23.607094500000002,-46.6344145,871258,2,53,0
344,2,3.0,2.0,97,-23.607094500000002,-46.6344145,871258,2,54,0
345,2,3.0,2.0,97,-23.607094500000002,-46.6344145,871258,2,55,0
346,2,3.0,2.0,97,-23.607094500000002,-46.6344145,871258,2,56,0
347,2,3.0,2.0,97,-23.607094500000002,-46.6344145,871258,2,57,0
348,2,3.0,2.0,97,-23.607094500000002,-46.6344145,871258,2,58,0
349,2,3.0,2.0,97,-23.607094500000002,-46.6344145,871258,2,59,0
350,2,3.0,2.0,97,-23.607094500000002,-46.6344145,871258,2,60,0
351,2,3.0,2.0,97,-23.607094500000002,-46.6344145,871258,2,61,0
352,2,3.0,2.0,97,-23.607094500000002,-46.6344145,871258,2,62,0
353,2,3.0,2.0,97,-23.607094500000002,-46.6344145,871258,2,63,0
354,2,3.0,2.0,97,-23.607094500000002,-46.6344145,871258,2,64,0
355,2,3.0,2.0,97,-23.607094500000002,-46.6344145,871258,2,65,0
356,2,3.0,2.0,97,-23.607094500000002,-46.6344145,871258,2,66,0
357,2,3.0,2.0,97,-23.607094500000002,-46.6344145,871258,2,67,0
358,2,3.0,2.0,97,-23.607094500000002,-46.6344145,871258,2,68,0
359,2,3.0,2.0,97,-23.607094500000002,-46.6344145,871258,2,69,0
360,2,3.0,2.0,97,-23.607094500000002,-46.6344145,871258,2,70,0
361,2,3.0,2.0,97,-23.607094500000002,-46.6344145,871258,2,71,0
362,2,3.0,2.0,97,-23.607094500000002,-46.6344145,871258,2,72,0
363,2,3.0,2.0,97,-23.607094500000002,-46.6344145,871258,2,73,0
364,2,3.0,2.0,97,-23.607094500000002,-46.6344145,871258,2,74,0
365,2,3.0,2.0,97,-23.607094500000002,-46.6344145,871258,2,75,0
366,2,3.0,2.0,97,-23.607094500000002,-46.6344145,871258,2,76,0
367,2,3.0,2.0,97,-23.607094500000002,-46.6344145,871258,2,77,0
368,2,3.0,2.0,97,-23.607094500000002,-46.6344145,871258,2,78,0
369,2,3.0,2.0,97,-23.607094500000002,-46.6344145,871258,2,79,0
370,2,3.0,2.0,97,-23.607094500000002,-46.6344145,871258,2,80,0
371,2,3.0,2.0,97,-23.607094500000002,-46.6344145,871258,2,81,0
372,2,3.0,2.0,97,-23.607094500000002,-46.6344145,871258,2,82,0
373,2,3.0,2.0,97,-23.607094500000002,-46.6344145,871258,2,83,0
374,2,3.0,2.0,97,-23.607094500000002,-46.6344145,871258,2,84,0
375,2,3.0,2.0,97,-23.607094500000002,-46.6344145,871258,2,85,0
376,2,3.0,2.0,97,-23.607094500000002,-46.6344145,871258,2,86,0
377,2,3.0,2.0,97,-23.607094500000002,-46.6344145,871258,2,87,0
378,2,3.0,2.0,97,-23.607094500000002,-46.6344145,871258,2,88,0
379,2,3.0,2.0,97,-23.607094500000002,-46.6344145,871258,2,89,0
380,2,3.0,2.0,97,-23.607094500000002,-46.6344145,871258,2,90,0
381,2,3.0,2.0,97,-23.607094500000002,-46.6344145,871258,2,91,0
382,3,3.0,3.0,102,-23.5397323,-46.5675586,648740,3,0,0
383,3,3.0,3.0,102,-23.5397323,-46.5675586,648740,3,1,0
384,3,3.0,3.0,102,-23.5397323,-46.5675586,648740,3,2,0
385,3,3.0,3.0,102,-23.5397323,-46.5675586,648740,3,3,0
386,3,3.0,3.0,102,-23.5397323,-46.5675586,648740,3,4,0
387,3,3.0,3.0,102,-23.5397323,-46.5675586,648740,3,5,0
388,3,3.0,3.0,102,-23.5397323,-46.5675586,648740,3,6,0
389,3,3.0,3.0,102,-23.5397323,-46.5675586,648740,3,7,0
390,3,3.0,3.0,102,-23.5397323,-46.5675586,648740,3,8,0
391,3,3.0,3.0,102,-23.5397323,-46.5675586,648740,3,9,0
392,3,3.0,3.0,102,-23.5397323,-46.5675586,648740,3,10,0
393,3,3.0,3.0,102,-23.5397323,-46.5675586,648740,3,11,0
394,3,3.0,3.0,102,-23.5397323,-46.5675586,648740,3,12,0
395,3,3.0,3.0,102,-23.5397323,-46.5675586,648740,3,13,0
396,3,3.0,3.0,102,-23.5397323,-46.5675586,648740,3,14,0
397,3,3.0,3.0,102,-23.5397323,-46.5675586,648740,3,15,0
398,3,3.0,3.0,102,-23.5397323,-46.5675586,648740,3,16,0
399,3,3.0,3.0,102,-23.5397323,-46.5675586,648740,3,17,0
400,3,3.0,3.0,102,-23.5397323,-46.5675586,648740,3,18,0
401,3,3.0,3.0,102,-23.5397323,-46.5675586,648740,3,19,0
402,3,3.0,3.0,102,-23.5397323,-46.5675586,648740,3,20,0
403,3,3.0,3.0,102,-23.5397323,-46.5675586,648740,3,21,0
404,3,3.0,3.0,102,-23.5397323,-46.5675586,648740,3,22,0
405,3,3.0,3.0,102,-23.5397323,-46.5675586,648740,3,23,0
406,3,3.0,3.0,102,-23.5397323,-46.5675586,648740,3,24,0
407,3,3.0,3.0,102,-23.5397323,-46.5675586,648740,3,25,0
408,3,3.0,3.0,102,-23.5397323,-46.5675586,648740,3,26,0
409,3,3.0,3.0,102,-23.5397323,-46.5675586,648740,3,27,0
410,3,3.0,3.0,102,-23.5397323,-46.5675586,648740,3,28,0
411,3,3.0,3.0,102,-23.5397323,-46.5675586,648740,3,29,0
412,3,3.0,3.0,102,-23.5397323,-46.5675586,648740,3,30,0
413,3,3.0,3.0,102,-23.5397323,-46.5675586,648740,3,31,0
414,4,2.0,1.0,78,-23.5919927,-46.625480700000004,968643,2,0,0
415,4,2.0,1.0,78,-23.5919927,-46.625480700000004,968643,2,1,0
416,4,2.0,1.0,78,-23.5919927,-46.625480700000004,968643,2,2,0
417,4,2.0,1.0,78,-23.5919927,-46.625480700000004,968643,2,3,0
418,4,2.0,1.0,78,-23.5919927,-46.625480700000004,968643,2,4,0
419,4,2.0,1.0,78,-23.5919927,-46.625480700000004,968643,2,5,0
420,4,2.0,1.0,78,-23.5919927,-46.625480700000004,968643,2,6,0
421,4,2.0,1.0,78,-23.5919927,-46.625480700000004,968643,2,7,0
422,4,2.0,1.0,78,-23.5919927,-46.625480700000004,968643,2,8,0
423,4,2.0,1.0,78,-23.5919927,-46.625480700000004,968643,2,9,0
424,4,2.0,1.0,78,-23.5919927,-46.625480700000004,968643,2,10,0
425,4,2.0,1.0,78,-23.5919927,-46.625480700000004,968643,2,11,0
426,4,2.0,1.0,78,-23.5919927,-46.625480700000004,968643,2,12,0
427,4,2.0,1.0,78,-23.5919927,-46.625480700000004,968643,2,13,0
428,4,2.0,1.0,78,-23.5919927,-46.625480700000004,968643,2,14,0
429,4,2.0,1.0,78,-23.5919927,-46.625480700000004,968643,2,15,0
430,4,2.0,1.0,78,-23.5919927,-46.625480700000004,968643,2,16,0
431,4,2.0,1.0,78,-23.5919927,-46.625480700000004,968643,2,17,0
432,4,2.0,1.0,78,-23.5919927,-46.625480700000004,968643,2,18,0
433,4,2.0,1.0,78,-23.5919927,-46.625480700000004,968643,2,19,0
434,4,2.0,1.0,78,-23.5919927,-46.625480700000004,968643,2,20,0
435,4,2.0,1.0,78,-23.5919927,-46.625480700000004,968643,2,21,0
436,4,2.0,1.0,78,-23.5919927,-46.625480700000004,968643,2,22,0
437,4,2.0,1.0,78,-23.5919927,-46.625480700000004,968643,2,23,0
438,4,2.0,1.0,78,-23.5919927,-46.625480700000004,968643,2,24,0
439,4,2.0,1.0,78,-23.5919927,-46.625480700000004,968643,2,25,0
440,4,2.0,1.0,78,-23.5919927,-46.625480700000004,968643,2,26,0
441,4,2.0,1.0,78,-23.5919927,-46.625480700000004,968643,2,27,0
442,4,2.0,1.0,78,-23.5919927,-46.625480700000004,968643,2,28,0
443,4,2.0,1.0,78,-23.5919927,-46.625480700000004,968643,2,29,0
444,4,2.0,1.0,78,-23.5919927,-46.625480700000004,968643,2,30,0
445,4,2.0,1.0,78,-23.5919927,-46.625480700000004,968643,2,31,0
446,4,2.0,1.0,78,-23.5919927,-46.625480700000004,968643,2,32,0
447,4,2.0,1.0,78,-23.5919927,-46.625480700000004,968643,2,33,0
448,4,2.0,1.0,78,-23.5919927,-46.625480700000004,968643,2,34,0
449,4,2.0,1.0,78,-23.5919927,-46.625480700000004,968643,2,35,0
450,4,2.0,1.0,78,-23.5919927,-46.625480700000004,968643,2,36,0
451,4,2.0,1.0,78,-23.5919927,-46.625480700000004,968643,2,37,0
452,4,2.0,1.0,78,-23.5919927,-46.625480700000004,968643,2,38,0
453,4,2.0,1.0,78,-23.5919927,-46.625480700000004,968643,2,39,0
454,4,2.0,1.0,78,-23.5919927,-46.625480700000004,968643,2,40,0
455,4,2.0,1.0,78,-23.5919927,-46.625480700000004,968643,2,41,0
456,4,2.0,1.0,78,-23.5919927,-46.625480700000004,968643,2,42,0
457,4,2.0,1.0,78,-23.5919927,-46.625480700000004,968643,2,43,0
458,4,2.0,1.0,78,-23.5919927,-46.625480700000004,968643,2,44,0
459,4,2.0,1.0,78,-23.5919927,-46.625480700000004,968643,2,45,0
460,4,2.0,1.0,78,-23.5919927,-46.625480700000004,968643,2,46,0
461,4,2.0,1.0,78,-23.5919927,-46.625480700000004,968643,2,47,0
462,4,2.0,1.0,78,-23.5919927,-46.625480700000004,968643,2,48,0
463,4,2.0,1.0,78,-23.5919927,-46.625480700000004,968643,2,49,0
464,4,2.0,1.0,78,-23.5919927,-46.625480700000004,968643,2,50,0
465,4,2.0,1.0,78,-23.5919927,-46.625480700000004,968643,2,51,0
466,4,2.0,1.0,78,-23.5919927,-46.625480700000004,968643,2,52,0
467,4,2.0,1.0,78,-23.5919927,-46.625480700000004,968643,2,53,0
468,4,2.0,1.0,78,-23.5919927,-46.625480700000004,968643,2,54,0
469,4,2.0,1.0,78,-23.5919927,-46.625480700000004,968643,2,55,0
470,4,2.0,1.0,78,-23.5919927,-46.625480700000004,968643,2,56,0
471,4,2.0,1.0,78,-23.5919927,-46.625480700000004,968643,2,57,0
472,4,2.0,1.0,78,-23.5919927,-46.625480700000004,968643,2,58,0
473,4,2.0,1.0,78,-23.5919927,-46.625480700000004,968643,2,59,0
474,4,2.0,1.0,78,-23.5919927,-46.625480700000004,968643,2,60,0
475,4,2.0,1.0,78,-23.5919927,-46.625480700000004,968643,2,61,0
476,4,2.0,1.0,78,-23.5919927,-46.625480700000004,968643,2,62,0
477,4,2.0,1.0,78,-23.5919927,-46.625480700000004,968643,2,63,0
478,4,2.0,1.0,78,-23.5919927,-46.625480700000004,968643,2,64,0
479,4,2.0,1.0,78,-23.5919927,-46.625480700000004,968643,2,65,0
480,4,2.0,1.0,78,-23.5919927,-46.625480700000004,968643,2,66,0
481,4,2.0,1.0,78,-23.5919927,-46.625480700000004,968643,2,67,0
482,4,2.0,1.0,78,-23.5919927,-46.625480700000004,968643,2,68,0
483,4,2.0,1.0,78,-23.5919927,-46.625480700000004,968643,2,69,0
484,4,2.0,1.0,78,-23.5919927,-46.625480700000004,968643,2,70,0
485,4,2.0,1.0,78,-23.5919927,-46.625480700000004,968643,2,71,0
486,4,2.0,1.0,78,-23.5919927,-46.625480700000004,968643,2,72,0
487,4,2.0,1.0,78,-23.5919927,-46.625480700000004,968643,2,73,0
488,4,2.0,1.0,78,-23.5919927,-46.625480700000004,968643,2,74,0
489,4,2.0,1.0,78,-23.5919927,-46.625480700000004,968643,2,75,0
490,4,2.0,1.0,78,-23.5919927,-46.625480700000004,968643,2,76,0
491,4,2.0,1.0,78,-23.5919927,-46.625480700000004,968643,2,77,0
492,4,2.0,1.0,78,-23.5919927,-46.625480700000004,968643,2,78,0
493,4,2.0,1.0,78,-23.5919927,-46.625480700000004,968643,2,79,0
494,4,2.0,1.0,78,-23.5919927,-46.625480700000004,968643,2,80,0
495,4,2.0,1.0,78,-23.5919927,-46.625480700000004,968643,2,81,0
496,4,2.0,1.0,78,-23.5919927,-46.625480700000004,968643,2,82,0
497,4,2.0,1.0,78,-23.5919927,-46.625480700000004,968643,2,83,0
498,4,2.0,1.0,78,-23.5919927,-46.625480700000004,968643,2,84,0
499,4,2.0,1.0,78,-23.5919927,-46.625480700000004,968643,2,85,0
500,4,2.0,1.0,78,-23.5919927,-46.625480700000004,968643,2,86,0
501,4,2.0,1.0,78,-23.5919927,-46.625480700000004,968643,2,87,0
502,4,2.0,1.0,78,-23.5919927,-46.625480700000004,968643,2,88,0
503,4,2.0,1.0,78,-23.5919927,-46.625480700000004,968643,2,89,0
504,4,2.0,1.0,78,-23.5919927,-46.625480700000004,968643,2,90,0
505,4,2.0,1.0,78,-23.5919927,-46.625480700000004,968643,2,91,0
506,4,2.0,1.0,78,-23.5919927,-46.625480700000004,968643,2,92,0
507,4,2.0,1.0,78,-23.5919927,-46.625480700000004,968643,2,93,0
508,4,2.0,1.0,78,-23.5919927,-46.625480700000004,968643,2,94,0
509,4,2.0,1.0,78,-23.5919927,-46.625480700000004,968643,2,95,0
510,4,2.0,1.0,78,-23.5919927,-46.625480700000004,968643,2,96,0
511,4,2.0,1.0,78,-23.5919927,-46.625480700000004,968643,2,97,0
512,4,2.0,1.0,78,-23.5919927,-46.625480700000004,968643,2,98,0
513,4,2.0,1.0,78,-23.5919927,-46.625480700000004,968643,2,99,0
514,4,2.0,1.0,78,-23.5919927,-46.625480700000004,968643,2,100,0
515,4,2.0,1.0,78,-23.5919927,-46.625480700000004,968643,2,101,0
516,4,2.0,1.0,78,-23.5919927,-46.625480700000004,968643,2,102,0
517,4,2.0,1.0,78,-23.5919927,-46.625480700000004,968643,2,103,0
518,4,2.0,1.0,78,-23.5919927,-46.625480700000004,968643,2,104,0
519,4,2.0,1.0,78,-23.5919927,-46.625480700000004,968643,2,105,0
520,4,2.0,1.0,78,-23.5919927,-46.625480700000004,968643,2,106,0
521,4,2.0,1.0,78,-23.5919927,-46.625480700000004,968643,2,107,0
522,4,2.0,1.0,78,-23.5919927,-46.625480700000004,968643,2,108,0
523,4,2.0,1.0,78,-23.5919927,-46.625480700000004,968643,2,109,0
524,4,2.0,1.0,78,-23.5919927,-46.625480700000004,968643,2,110,0
525,4,2.0,1.0,78,-23.5919927,-46.625480700000004,968643,2,111,0
526,4,2.0,1.0,78,-23.5919927,-46.625480700000004,968643,2,112,0
527,4,2.0,1.0,78,-23.5919927,-46.625480700000004,968643,2,113,0
528,4,2.0,1.0,78,-23.5919927,-46.625480700000004,968643,2,114,0
529,4,2.0,1.0,78,-23.5919927,-46.625480700000004,968643,2,115,0
530,4,2.0,1.0,78,-23.5919927,-46.625480700000004,968643,2,116,0
531,4,2.0,1.0,78,-23.5919927,-46.625480700000004,968643,2,117,0
532,4,2.0,1.0,78,-23.5919927,-46.625480700000004,968643,2,118,0
533,4,2.0,1.0,78,-23.5919927,-46.625480700000004,968643,2,119,0
534,4,2.0,1.0,78,-23.5919927,-46.625480700000004,968643,2,120,0
535,4,2.0,1.0,78,-23.5919927,-46.625480700000004,968643,2,121,0
536,4,2.0,1.0,78,-23.5919927,-46.625480700000004,968643,2,122,0
537,4,2.0,1.0,78,-23.5919927,-46.625480700000004,968643,2,123,0
538,4,2.0,1.0,78,-23.5919927,-46.625480700000004,968643,2,124,0
539,4,2.0,1.0,78,-23.5919927,-46.625480700000004,968643,2,125,0
540,4,2.0,1.0,78,-23.5919927,-46.625480700000004,968643,2,126,0
541,4,2.0,1.0,78,-23.5919927,-46.625480700000004,968643,2,127,0
542,4,2.0,1.0,78,-23.5919927,-46.625480700000004,968643,2,128,0
543,4,2.0,1.0,78,-23.5919927,-46.625480700000004,968643,2,129,0
544,4,2.0,1.0,78,-23.5919927,-46.625480700000004,968643,2,130,0
545,4,2.0,1.0,78,-23.5919927,-46.625480700000004,968643,2,131,0
546,4,2.0,1.0,78,-23.5919927,-46.625480700000004,968643,2,132,0
547,4,2.0,1.0,78,-23.5919927,-46.625480700000004,968643,2,133,0
548,4,2.0,1.0,78,-23.5919927,-46.625480700000004,968643,2,134,0
549,4,2.0,1.0,78,-23.5919927,-46.625480700000004,968643,2,135,0
550,4,2.0,1.0,78,-23.5919927,-46.625480700000004,968643,2,136,0
551,4,2.0,1.0,78,-23.5919927,-46.625480700000004,968643,2,137,0
552,4,2.0,1.0,78,-23.5919927,-46.625480700000004,968643,2,138,0
553,4,2.0,1.0,78,-23.5919927,-46.625480700000004,968643,2,139,0
554,4,2.0,1.0,78,-23.5919927,-46.625480700000004,968643,2,140,0
555,4,2.0,1.0,78,-23.5919927,-46.625480700000004,968643,2,141,0
556,4,2.0,1.0,78,-23.5919927,-46.625480700000004,968643,2,142,0
557,4,2.0,1.0,78,-23.5919927,-46.625480700000004,968643,2,143,0
558,4,2.0,1.0,78,-23.5919927,-46.625480700000004,968643,2,144,0
559,4,2.0,1.0,78,-23.5919927,-46.625480700000004,968643,2,145,0
560,4,2.0,1.0,78,-23.5919927,-46.625480700000004,968643,2,146,0
561,4,2.0,1.0,78,-23.5919927,-46.625480700000004,968643,2,147,0
562,4,2.0,1.0,78,-23.5919927,-46.625480700000004,968643,2,148,0
563,4,2.0,1.0,78,-23.5919927,-46.625480700000004,968643,2,149,0
564,4,2.0,1.0,78,-23.5919927,-46.625480700000004,968643,2,150,0
565,4,2.0,1.0,78,-23.5919927,-46.625480700000004,968643,2,151,0
566,4,2.0,1.0,78,-23.5919927,-46.625480700000004,968643,2,152,0
567,4,2.0,1.0,78,-23.5919927,-46.625480700000004,968643,2,153,0
568,4,2.0,1.0,78,-23.5919927,-46.625480700000004,968643,2,154,0
569,4,2.0,1.0,78,-23.5919927,-46.625480700000004,968643,2,155,0
570,4,2.0,1.0,78,-23.5919927,-46.625480700000004,968643,2,156,0
571,4,2.0,1.0,78,-23.5919927,-46.625480700000004,968643,2,157,0
572,4,2.0,1.0,78,-23.5919927,-46.625480700000004,968643,2,158,0
573,4,2.0,1.0,78,-23.5919927,-46.625480700000004,968643,2,159,0
574,4,2.0,1.0,78,-23.5919927,-46.625480700000004,968643,2,160,0
575,4,2.0,1.0,78,-23.5919927,-46.625480700000004,968643,2,161,0
576,4,2.0,1.0,78,-23.5919927,-46.625480700000004,968643,2,162,0
577,4,2.0,1.0,78,-23.5919927,-46.625480700000004,968643,2,163,0
578,4,2.0,1.0,78,-23.5919927,-46.625480700000004,968643,2,164,0
579,4,2.0,1.0,78,-23.5919927,-46.625480700000004,968643,2,165,0
580,4,2.0,1.0,78,-23.5919927,-46.625480700000004,968643,2,166,0
581,4,2.0,1.0,78,-23.5919927,-46.625480700000004,968643,2,167,0
582,4,2.0,1.0,78,-23.5919927,-46.625480700000004,968643,2,168,0
583,4,2.0,1.0,78,-23.5919927,-46.625480700000004,968643,2,169,0
584,4,2.0,1.0,78,-23.5919927,-46.625480700000004,968643,2,170,0
585,4,2.0,1.0,78,-23.5919927,-46.625480700000004,968643,2,171,0
586,4,2.0,1.0,78,-23.5919927,-46.625480700000004,968643,2,172,0
587,4,2.0,1.0,78,-23.5919927,-46.625480700000004,968643,2,173,0
588,4,2.0,1.0,78,-23.5919927,-46.625480700000004,968643,2,174,0
589,4,2.0,1.0,78,-23.5919927,-46.625480700000004,968643,2,175,0
590,4,2.0,1.0,78,-23.5919927,-46.625480700000004,968643,2,176,0
591,4,2.0,1.0,78,-23.5919927,-46.625480700000004,968643,2,177,0
592,4,2.0,1.0,78,-23.5919927,-46.625480700000004,968643,2,178,0
593,4,2.0,1.0,78,-23.5919927,-46.625480700000004,968643,2,179,0
594,4,2.0,1.0,78,-23.5919927,-46.625480700000004,968643,2,180,0
595,4,2.0,1.0,78,-23.5919927,-46.625480700000004,968643,2,181,0
596,4,2.0,1.0,78,-23.5919927,-46.625480700000004,968643,2,182,0
597,4,2.0,1.0,78,-23.5919927,-46.625480700000004,968643,2,183,0
598,4,2.0,1.0,78,-23.5919927,-46.625480700000004,968643,2,184,0
599,4,2.0,1.0,78,-23.5919927,-46.625480700000004,968643,2,185,0
600,4,2.0,1.0,78,-23.5919927,-46.625480700000004,968643,2,186,0
601,4,2.0,1.0,78,-23.5919927,-46.625480700000004,968643,2,187,0
602,4,2.0,1.0,78,-23.5919927,-46.625480700000004,968643,2,188,0
603,4,2.0,1.0,78,-23.5919927,-46.625480700000004,968643,2,189,0
604,4,2.0,1.0,78,-23.5919927,-46.625480700000004,968643,2,190,0
605,4,2.0,1.0,78,-23.5919927,-46.625480700000004,968643,2,191,0
606,4,2.0,1.0,78,-23.5919927,-46.625480700000004,968643,2,192,0
607,4,2.0,1.0,78,-23.5919927,-46.625480700000004,968643,2,193,0
608,4,2.0,1.0,78,-23.5919927,-46.625480700000004,968643,2,194,0
609,4,2.0,1.0,78,-23.5919927,-46.625480700000004,968643,2,195,0
610,4,2.0,1.0,78,-23.5919927,-46.625480700000004,968643,2,196,0
611,4,2.0,1.0,78,-23.5919927,-46.625480700000004,968643,2,197,0
612,4,2.0,1.0,78,-23.5919927,-46.625480700000004,968643,2,198,0
613,4,2.0,1.0,78,-23.5919927,-46.625480700000004,968643,2,199,0
614,4,2.0,1.0,78,-23.5919927,-46.625480700000004,968643,2,200,0
615,4,2.0,1.0,78,-23.5919927,-46.625480700000004,968643,2,201,0
616,4,2.0,1.0,78,-23.5919927,-46.625480700000004,968643,2,202,0
617,4,2.0,1.0,78,-23.5919927,-46.625480700000004,968643,2,203,0
618,4,2.0,1.0,78,-23.5919927,-46.625480700000004,968643,2,204,0
619,4,2.0,1.0,78,-23.5919927,-46.625480700000004,968643,2,205,0
620,4,2.0,1.0,78,-23.5919927,-46.625480700000004,968643,2,206,0
621,4,2.0,1.0,78,-23.5919927,-46.625480700000004,968643,2,207,0
622,4,2.0,1.0,78,-23.5919927,-46.625480700000004,968643,2,208,0
623,4,2.0,1.0,78,-23.5919927,-46.625480700000004,968643,2,209,0
624,4,2.0,1.0,78,-23.5919927,-46.625480700000004,968643,2,210,0
625,4,2.0,1.0,78,-23.5919927,-46.625480700000004,968643,2,211,0
626,4,2.0,1.0,78,-23.5919927,-46.625480700000004,968643,2,212,0
627,4,2.0,1.0,78,-23.5919927,-46.625480700000004,968643,2,213,0
628,4,2.0,1.0,78,-23.5919927,-46.625480700000004,968643,2,214,0
629,4,2.0,1.0,78,-23.5919927,-46.625480700000004,968643,2,215,0
630,4,2.0,1.0,78,-23.5919927,-46.625480700000004,968643,2,216,0
631,4,2.0,1.0,78,-23.5919927,-46.625480700000004,968643,2,217,0
632,4,2.0,1.0,78,-23.5919927,-46.625480700000004,968643,2,218,0
633,4,2.0,1.0,78,-23.5919927,-46.625480700000004,968643,2,219,0
634,4,2.0,1.0,78,-23.5919927,-46.625480700000004,968643,2,220,0
635,4,2.0,1.0,78,-23.5919927,-46.625480700000004,968643,2,221,0
636,4,2.0,1.0,78,-23.5919927,-46.625480700000004,968643,2,222,0
637,4,2.0,1.0,78,-23.5919927,-46.625480700000004,968643,2,223,0
638,4,2.0,1.0,78,-23.5919927,-46.625480700000004,968643,2,224,0
639,4,2.0,1.0,78,-23.5919927,-46.625480700000004,968643,2,225,0
640,4,2.0,1.0,78,-23.5919927,-46.625480700000004,968643,2,226,0
641,4,2.0,1.0,78,-23.5919927,-46.625480700000004,968643,2,227,0
642,4,2.0,1.0,78,-23.5919927,-46.625480700000004,968643,2,228,0
643,4,2.0,1.0,78,-23.5919927,-46.625480700000004,968643,2,229,0
644,4,2.0,1.0,78,-23.5919927,-46.625480700000004,968643,2,230,0
645,4,2.0,1.0,78,-23.5919927,-46.625480700000004,968643,2,231,0
646,4,2.0,1.0,78,-23.5919927,-46.625480700000004,968643,2,232,0
647,4,2.0,1.0,78,-23.5919927,-46.625480700000004,968643,2,233,0
648,4,2.0,1.0,78,-23.5919927,-46.625480700000004,968643,2,234,0
649,4,2.0,1.0,78,-23.5919927,-46.625480700000004,968643,2,235,0
650,4,2.0,1.0,78,-23.5919927,-46.625480700000004,968643,2,236,0
651,4,2.0,1.0,78,-23.5919927,-46.625480700000004,968643,2,237,0
652,4,2.0,1.0,78,-23.5919927,-46.625480700000004,968643,2,238,0
653,4,2.0,1.0,78,-23.5919927,-46.625480700000004,968643,2,239,0
654,4,2.0,1.0,78,-23.5919927,-46.625480700000004,968643,2,240,0
655,4,2.0,1.0,78,-23.5919927,-46.625480700000004,968643,2,241,0
656,4,2.0,1.0,78,-23.5919927,-46.625480700000004,968643,2,242,0
657,4,2.0,1.0,78,-23.5919927,-46.625480700000004,968643,2,243,0
658,4,2.0,1.0,78,-23.5919927,-46.625480700000004,968643,2,244,0
659,4,2.0,1.0,78,-23.5919927,-46.625480700000004,968643,2,245,0
660,4,2.0,1.0,78,-23.5919927,-46.625480700000004,968643,2,246,0
661,4,2.0,1.0,78,-23.5919927,-46.625480700000004,968643,2,247,0
662,4,2.0,1.0,78,-23.5919927,-46.625480700000004,968643,2,248,0
663,4,2.0,1.0,78,-23.5919927,-46.625480700000004,968643,2,249,0
664,4,2.0,1.0,78,-23.5919927,-46.625480700000004,968643,2,250,0
665,4,2.0,1.0,78,-23.5919927,-46.625480700000004,968643,2,251,0
666,4,2.0,1.0,78,-23.5919927,-46.625480700000004,968643,2,252,0
667,4,2.0,1.0,78,-23.5919927,-46.625480700000004,968643,2,253,0
668,4,2.0,1.0,78,-23.5919927,-46.625480700000004,968643,2,254,0
669,4,2.0,1.0,78,-23.5919927,-46.625480700000004,968643,2,255,0
670,4,2.0,1.0,78,-23.5919927,-46.625480700000004,968643,2,256,0
671,4,2.0,1.0,78,-23.5919927,-46.625480700000004,968643,2,257,0
672,4,2.0,1.0,78,-23.5919927,-46.625480700000004,968643,2,258,0
673,4,2.0,1.0,78,-23.5919927,-46.625480700000004,968643,2,259,0
674,4,2.0,1.0,78,-23.5919927,-46.625480700000004,968643,2,260,0
675,4,2.0,1.0,78,-23.5919927,-46.625480700000004,968643,2,261,0
676,4,2.0,1.0,78,-23.5919927,-46.625480700000004,968643,2,262,0
677,4,2.0,1.0,78,-23.5919927,-46.625480700000004,968643,2,263,0
678,4,2.0,1.0,78,-23.5919927,-46.625480700000004,968643,2,264,0
679,4,2.0,1.0,78,-23.5919927,-46.625480700000004,968643,2,265,0
680,4,2.0,1.0,78,-23.5919927,-46.625480700000004,968643,2,266,0
681,4,2.0,1.0,78,-23.5919927,-46.625480700000004,968643,2,267,0
682,4,2.0,1.0,78,-23.5919927,-46.625480700000004,968643,2,268,0
683,4,2.0,1.0,78,-23.5919927,-46.625480700000004,968643,2,269,0
684,4,2.0,1.0,78,-23.5919927,-46.625480700000004,968643,2,270,0
685,4,2.0,1.0,78,-23.5919927,-46.625480700000004,968643,2,271,0
686,4,2.0,1.0,78,-23.5919927,-46.625480700000004,968643,2,272,0
687,4,2.0,1.0,78,-23.5919927,-46.625480700000004,968643,2,273,0
688,4,2.0,1.0,78,-23.5919927,-46.625480700000004,968643,2,274,0
689,4,2.0,1.0,78,-23.5919927,-46.625480700000004,968643,2,275,0
690,4,2.0,1.0,78,-23.5919927,-46.625480700000004,968643,2,276,0
691,4,2.0,1.0,78,-23.5919927,-46.625480700000004,968643,2,277,0
692,4,2.0,1.0,78,-23.5919927,-46.625480700000004,968643,2,278,0
693,4,2.0,1.0,78,-23.5919927,-46.625480700000004,968643,2,279,0
694,4,2.0,1.0,78,-23.5919927,-46.625480700000004,968643,2,280,0
695,4,2.0,1.0,78,-23.5919927,-46.625480700000004,968643,2,281,0
696,4,2.0,1.0,78,-23.5919927,-46.625480700000004,968643,2,282,0
697,4,2.0,1.0,78,-23.5919927,-46.625480700000004,968643,2,283,0
698,4,2.0,1.0,78,-23.5919927,-46.625480700000004,968643,2,284,0
699,4,2.0,1.0,78,-23.5919927,-46.625480700000004,968643,2,285,0
700,4,2.0,1.0,78,-23.5919927,-46.625480700000004,968643,2,286,0
701,4,2.0,1.0,78,-23.5919927,-46.625480700000004,968643,2,287,0
702,4,2.0,1.0,78,-23.5919927,-46.625480700000004,968643,2,288,0
703,4,2.0,1.0,78,-23.5919927,-46.625480700000004,968643,2,289,0
704,4,2.0,1.0,78,-23.5919927,-46.625480700000004,968643,2,290,0
705,4,2.0,1.0,78,-23.5919927,-46.625480700000004,968643,2,291,0
706,4,2.0,1.0,78,-23.5919927,-46.625480700000004,968643,2,292,0
707,4,2.0,1.0,78,-23.5919927,-46.625480700000004,968643,2,293,0
708,4,2.0,1.0,78,-23.5919927,-46.625480700000004,968643,2,294,0
709,4,2.0,1.0,78,-23.5919927,-46.625480700000004,968643,2,295,0
710,4,2.0,1.0,78,-23.5919927,-46.625480700000004,968643,2,296,0
711,4,2.0,1.0,78,-23.5919927,-46.625480700000004,968643,2,297,0
712,4,2.0,1.0,78,-23.5919927,-46.625480700000004,968643,2,298,0
713,4,2.0,1.0,78,-23.5919927,-46.625480700000004,968643,2,299,0
714,4,2.0,1.0,78,-23.5919927,-46.625480700000004,968643,2,300,0
715,4,2.0,1.0,78,-23.5919927,-46.625480700000004,968643,2,301,0
716,4,2.0,1.0,78,-23.5919927,-46.625480700000004,968643,2,302,0
717,4,2.0,1.0,78,-23.5919927,-46.625480700000004,968643,2,303,0
718,4,2.0,1.0,78,-23.5919927,-46.625480700000004,968643,2,304,0
719,4,2.0,1.0,78,-23.5919927,-46.625480700000004,968643,2,305,0
720,4,2.0,1.0,78,-23.5919927,-46.625480700000004,968643,2,306,0
721,4,2.0,1.0,78,-23.5919927,-46.625480700000004,968643,2,307,0
722,4,2.0,1.0,78,-23.5919927,-46.625480700000004,968643,2,308,0
723,4,2.0,1.0,78,-23.5919927,-46.625480700000004,968643,2,309,0
724,4,2.0,1.0,78,-23.5919927,-46.625480700000004,968643,2,310,0
725,4,2.0,1.0,78,-23.5919927,-46.625480700000004,968643,2,311,0
726,4,2.0,1.0,78,-23.5919927,-46.625480700000004,968643,2,312,0
727,4,2.0,1.0,78,-23.5919927,-46.625480700000004,968643,2,313,0
728,4,2.0,1.0,78,-23.5919927,-46.625480700000004,968643,2,314,0
729,4,2.0,1.0,78,-23.5919927,-46.625480700000004,968643,2,315,0
730,4,2.0,1.0,78,-23.5919927,-46.625480700000004,968643,2,316,0
731,4,2.0,1.0,78,-23.5919927,-46.625480700000004,968643,2,317,0
732,4,2.0,1.0,78,-23.5919927,-46.625480700000004,968643,2,318,0
733,5,3.0,3.0,210,-23.616329699999998,-46.6825409,2175420,2,0,0
734,5,3.0,3.0,210,-23.616329699999998,-46.6825409,2175420,2,1,0
735,5,3.0,3.0,210,-23.616329699999998,-46.6825409,2175420,2,2,0
736,5,3.0,3.0,210,-23.616329699999998,-46.6825409,2175420,2,3,0
737,5,3.0,3.0,210,-23.616329699999998,-46.6825409,2175420,2,4,0
738,5,3.0,3.0,210,-23.616329699999998,-46.6825409,2175420,2,5,0
739,5,3.0,3.0,210,-23.616329699999998,-46.6825409,2175420,2,6,0
740,5,3.0,3.0,210,-23.616329699999998,-46.6825409,2175420,2,7,0
741,5,3.0,3.0,210,-23.616329699999998,-46.6825409,2175420,2,8,0
742,5,3.0,3.0,210,-23.616329699999998,-46.6825409,2175420,2,9,0
743,5,3.0,3.0,210,-23.616329699999998,-46.6825409,2175420,2,10,0
744,5,3.0,3.0,210,-23.616329699999998,-46.6825409,2175420,2,11,0
745,5,3.0,3.0,210,-23.616329699999998,-46.6825409,2175420,2,12,0
746,5,3.0,3.0,210,-23.616329699999998,-46.6825409,2175420,2,13,0
747,5,3.0,3.0,210,-23.616329699999998,-46.6825409,2175420,2,14,0
748,5,3.0,3.0,210,-23.616329699999998,-46.6825409,2175420,2,15,0
749,5,3.0,3.0,210,-23.616329699999998,-46.6825409,2175420,2,16,0
750,5,3.0,3.0,210,-23.616329699999998,-46.6825409,2175420,2,17,0
751,5,3.0,3.0,210,-23.616329699999998,-46.6825409,2175420,2,18,0
752,5,3.0,3.0,210,-23.616329699999998,-46.6825409,2175420,2,19,0
753,5,3.0,3.0,210,-23.616329699999998,-46.6825409,2175420,2,20,0
754,5,3.0,3.0,210,-23.616329699999998,-46.6825409,2175420,2,21,0
755,5,3.0,3.0,210,-23.616329699999998,-46.6825409,2175420,2,22,0
756,5,3.0,3.0,210,-23.616329699999998,-46.6825409,2175420,2,23,0
757,5,3.0,3.0,210,-23.616329699999998,-46.6825409,2175420,2,24,0
758,5,3.0,3.0,210,-23.616329699999998,-46.6825409,2175420,2,25,0
759,5,3.0,3.0,210,-23.616329699999998,-46.6825409,2175420,2,26,0
760,5,3.0,3.0,210,-23.616329699999998,-46.6825409,2175420,2,27,0
761,5,3.0,3.0,210,-23.616329699999998,-46.6825409,2175420,2,28,0
762,5,3.0,3.0,210,-23.616329699999998,-46.6825409,2175420,2,29,0
763,5,3.0,3.0,210,-23.616329699999998,-46.6825409,2175420,2,30,0
764,5,3.0,3.0,210,-23.616329699999998,-46.6825409,2175420,2,31,0
765,5,3.0,3.0,210,-23.616329699999998,-46.6825409,2175420,2,32,0
766,5,3.0,3.0,210,-23.616329699999998,-46.6825409,2175420,2,33,0
767,5,3.0,3.0,210,-23.616329699999998,-46.6825409,2175420,2,34,0
768,5,3.0,3.0,210,-23.616329699999998,-46.6825409,2175420,2,35,0
769,5,3.0,3.0,210,-23.616329699999998,-46.6825409,2175420,2,36,0
770,5,3.0,3.0,210,-23.616329699999998,-46.6825409,2175420,2,37,0
771,5,3.0,3.0,210,-23.616329699999998,-46.6825409,2175420,2,38,0
772,5,3.0,3.0,210,-23.616329699999998,-46.6825409,2175420,2,39,0
773,5,3.0,3.0,210,-23.616329699999998,-46.6825409,2175420,2,40,0
774,5,3.0,3.0,210,-23.616329699999998,-46.6825409,2175420,2,41,0
775,5,3.0,3.0,210,-23.616329699999998,-46.6825409,2175420,2,42,0
776,5,3.0,3.0,210,-23.616329699999998,-46.6825409,2175420,2,43,0
777,5,3.0,3.0,210,-23.616329699999998,-46.6825409,2175420,2,44,0
778,5,3.0,3.0,210,-23.616329699999998,-46.6825409,2175420,2,45,0
779,5,3.0,3.0,210,-23.616329699999998,-46.6825409,2175420,2,46,0
780,5,3.0,3.0,210,-23.616329699999998,-46.6825409,2175420,2,47,0
781,5,3.0,3.0,210,-23.616329699999998,-46.6825409,2175420,2,48,0
782,5,3.0,3.0,210,-23.616329699999998,-46.6825409,2175420,2,49,0
783,5,3.0,3.0,210,-23.616329699999998,-46.6825409,2175420,2,50,0
784,5,3.0,3.0,210,-23.616329699999998,-46.6825409,2175420,2,51,0
785,5,3.0,3.0,210,-23.616329699999998,-46.6825409,2175420,2,52,0
786,5,3.0,3.0,210,-23.616329699999998,-46.6825409,2175420,2,53,0
787,5,3.0,3.0,210,-23.616329699999998,-46.6825409,2175420,2,54,0
788,5,3.0,3.0,210,-23.616329699999998,-46.6825409,2175420,2,55,0
789,5,3.0,3.0,210,-23.616329699999998,-46.6825409,2175420,2,56,0
790,5,3.0,3.0,210,-23.616329699999998,-46.6825409,2175420,2,57,0
791,5,3.0,3.0,210,-23.616329699999998,-46.6825409,2175420,2,58,0
792,5,3.0,3.0,210,-23.616329699999998,-46.6825409,2175420,2,59,0
793,5,3.0,3.0,210,-23.616329699999998,-46.6825409,2175420,2,60,0
794,5,3.0,3.0,210,-23.616329699999998,-46.6825409,2175420,2,61,0
795,5,3.0,3.0,210,-23.616329699999998,-46.6825409,2175420,2,62,0
796,5,3.0,3.0,210,-23.616329699999998,-46.6825409,2175420,2,63,0
797,5,3.0,3.0,210,-23.616329699999998,-46.6825409,2175420,2,64,0
798,5,3.0,3.0,210,-23.616329699999998,-46.6825409,2175420,2,65,0
799,5,3.0,3.0,210,-23.616329699999998,-46.6825409,2175420,2,66,0
800,5,3.0,3.0,210,-23.616329699999998,-46.6825409,2175420,2,67,0
801,5,3.0,3.0,210,-23.616329699999998,-46.6825409,2175420,2,68,0
802,5,3.0,3.0,210,-23.616329699999998,-46.6825409,2175420,2,69,0
803,5,3.0,3.0,210,-23.616329699999998,-46.6825409,2175420,2,70,0
804,5,3.0,3.0,210,-23.616329699999998,-46.6825409,2175420,2,71,0
805,5,3.0,3.0,210,-23.616329699999998,-46.6825409,2175420,2,72,0
806,5,3.0,3.0,210,-23.616329699999998,-46.6825409,2175420,2,73,0
807,5,3.0,3.0,210,-23.616329699999998,-46.6825409,2175420,2,74,0
808,5,3.0,3.0,210,-23.616329699999998,-46.6825409,2175420,2,75,0
809,5,3.0,3.0,210,-23.616329699999998,-46.6825409,2175420,2,76,0
810,5,3.0,3.0,210,-23.616329699999998,-46.6825409,2175420,2,77,0
811,5,3.0,3.0,210,-23.616329699999998,-46.6825409,2175420,2,78,0
812,5,3.0,3.0,210,-23.616329699999998,-46.6825409,2175420,2,79,0
813,5,3.0,3.0,210,-23.616329699999998,-46.6825409,2175420,2,80,0
814,5,3.0,3.0,210,-23.616329699999998,-46.6825409,2175420,2,81,0
815,5,3.0,3.0,210,-23.616329699999998,-46.6825409,2175420,2,82,0
816,5,3.0,3.0,210,-23.616329699999998,-46.6825409,2175420,2,83,0
817,5,3.0,3.0,210,-23.616329699999998,-46.6825409,2175420,2,84,0
818,5,3.0,3.0,210,-23.616329699999998,-46.6825409,2175420,2,85,0
819,5,3.0,3.0,210,-23.616329699999998,-46.6825409,2175420,2,86,0
820,5,3.0,3.0,210,-23.616329699999998,-46.6825409,2175420,2,87,0
821,5,3.0,3.0,210,-23.616329699999998,-46.6825409,2175420,2,88,0
822,5,3.0,3.0,210,-23.616329699999998,-46.6825409,2175420,2,89,0
823,5,3.0,3.0,210,-23.616329699999998,-46.6825409,2175420,2,90,0
824,5,3.0,3.0,210,-23.616329699999998,-46.6825409,2175420,2,91,0
825,5,3.0,3.0,210,-23.616329699999998,-46.6825409,2175420,2,92,0
826,6,2.0,1.0,70,-23.5464492,-46.6503878,592282,2,0,0
827,6,2.0,1.0,70,-23.5464492,-46.6503878,592282,2,1,0
828,6,2.0,1.0,70,-23.5464492,-46.6503878,592282,2,2,0
829,6,2.0,1.0,70,-23.5464492,-46.6503878,592282,2,3,0
830,6,2.0,1.0,70,-23.5464492,-46.6503878,592282,2,4,0
831,6,2.0,1.0,70,-23.5464492,-46.6503878,592282,2,5,0
832,6,2.0,1.0,70,-23.5464492,-46.6503878,592282,2,6,0
833,6,2.0,1.0,70,-23.5464492,-46.6503878,592282,2,7,0
834,6,2.0,1.0,70,-23.5464492,-46.6503878,592282,2,8,0
835,6,2.0,1.0,70,-23.5464492,-46.6503878,592282,2,9,0
836,6,2.0,1.0,70,-23.5464492,-46.6503878,592282,2,10,0
837,6,2.0,1.0,70,-23.5464492,-46.6503878,592282,2,11,0
838,6,2.0,1.0,70,-23.5464492,-46.6503878,592282,2,12,0
839,6,2.0,1.0,70,-23.5464492,-46.6503878,592282,2,13,0
840,6,2.0,1.0,70,-23.5464492,-46.6503878,592282,2,14,0
841,6,2.0,1.0,70,-23.5464492,-46.6503878,592282,2,15,0
842,6,2.0,1.0,70,-23.5464492,-46.6503878,592282,2,16,0
843,6,2.0,1.0,70,-23.5464492,-46.6503878,592282,2,17,0
844,6,2.0,1.0,70,-23.5464492,-46.6503878,592282,2,18,0
845,6,2.0,1.0,70,-23.5464492,-46.6503878,592282,2,19,0
846,7,3.0,2.0,94,-23.611556600000004,-46.6351986,972772,1,0,0
847,8,4.0,4.0,220,-23.6257665,-46.73104779999999,1284100,3,0,0
848,8,4.0,4.0,220,-23.6257665,-46.73104779999999,1284100,3,1,0
849,8,4.0,4.0,220,-23.6257665,-46.73104779999999,1284100,3,2,0
850,8,4.0,4.0,220,-23.6257665,-46.73104779999999,1284100,3,3,0
851,8,4.0,4.0,220,-23.6257665,-46.73104779999999,1284100,3,4,0
852,9,2.0,1.0,110,-23.533348999999998,-46.704305,844643,3,0,0
853,9,2.0,1.0,110,-23.533348999999998,-46.704305,844643,3,1,0
854,9,2.0,1.0,110,-23.533348999999998,-46.704305,844643,3,2,0
855,9,2.0,1.0,110,-23.533348999999998,-46.704305,844643,3,3,0
856,9,2.0,1.0,110,-23.533348999999998,-46.704305,844643,3,4,0
857,9,2.0,1.0,110,-23.533348999999998,-46.704305,844643,3,5,0
858,9,2.0,1.0,110,-23.533348999999998,-46.704305,844643,3,6,0
859,9,2.0,1.0,110,-23.533348999999998,-46.704305,844643,3,7,0
860,9,2.0,1.0,110,-23.533348999999998,-46.704305,844643,3,8,0
